aver_acc,min_acc,max_acc,std_acc,aver_time
0.35604444,0.21333334,0.48666668,0.04338695
