aver_acc,min_acc,max_acc,std_acc,aver_time
0.61888885,0.46666667,0.7266667,0.036917657
